City_ID,City,Country,Date,Lat,Lng,Max Temp,Humidity,Cloudiness,Wind Speed
0,Tanout,NE,2022-04-13 02:12:05,14.9709,8.8879,81.16,17,17,10.94
1,Ada,US,2022-04-13 02:12:06,43.4166,-116.1262,39.92,61,75,8.01
2,Pevek,RU,2022-04-13 02:05:50,69.7008,170.3133,0.72,72,100,1.12
3,Tasiilaq,GL,2022-04-13 02:07:21,65.6145,-37.6368,26.76,86,100,6.53
4,Airai,TL,2022-04-13 01:59:06,-8.9266,125.4092,72.81,56,100,2.44
5,Butaritari,KI,2022-04-13 02:08:03,3.0707,172.7902,81.7,77,64,15.82
6,Saskylakh,RU,2022-04-13 02:03:11,71.9167,114.0833,-2.18,95,70,5.61
7,Siatista,GR,2022-04-13 02:12:07,40.2619,21.5442,35.38,76,9,1.54
8,Machala,EC,2022-04-13 02:12:08,-3.2667,-79.9667,74.25,93,99,2.55
9,Rikitea,PF,2022-04-13 02:12:08,-23.1203,-134.9692,79.27,70,18,18.88
10,Punta Arenas,CL,2022-04-13 01:58:22,-53.15,-70.9167,44.71,65,40,26.46
11,Atuona,PF,2022-04-13 02:12:09,-9.8,-139.0333,79.36,79,13,16.87
12,Bambous Virieux,MU,2022-04-13 02:12:10,-20.3428,57.7575,77.22,81,84,19.04
13,Discovery Bay,US,2022-04-13 02:12:10,37.9085,-121.6002,57.29,40,0,16.11
14,Sangar,RU,2022-04-13 02:12:11,63.9242,127.4739,15.82,89,100,4.79
15,Tiksi,RU,2022-04-13 02:12:11,71.6872,128.8694,-3.14,93,98,2.48
16,Vao,NC,2022-04-13 02:11:28,-22.6667,167.4833,75.51,73,7,8.5
17,Yellowknife,CA,2022-04-13 02:08:10,62.456,-114.3525,10.56,46,100,5.01
18,Tuatapere,NZ,2022-04-13 02:12:12,-46.1333,167.6833,56.75,57,18,3.71
19,Birstonas,LT,2022-04-13 02:12:13,54.6167,24.0333,28.53,77,45,3.62
20,Portland,US,2022-04-13 02:10:55,45.5234,-122.6762,43.52,89,75,11.5
21,New Norfolk,AU,2022-04-13 02:12:14,-42.7826,147.0587,68.92,34,12,5.32
22,Kiunga,PG,2022-04-13 02:12:14,-6.1219,141.2906,92.44,48,57,1.83
23,Castro,BR,2022-04-13 02:01:18,-24.7911,-50.0119,63.48,97,100,3.56
24,Tanabe,JP,2022-04-13 02:12:15,33.7333,135.3667,73.4,74,93,5.55
25,Tuktoyaktuk,CA,2022-04-13 02:06:03,69.4541,-133.0374,19.11,88,80,10.33
26,Ushuaia,AR,2022-04-13 02:11:27,-54.8,-68.3,33.96,92,57,5.46
27,Nanortalik,GL,2022-04-13 02:02:56,60.1432,-45.2371,32.76,74,100,5.1
28,Puerto Ayora,EC,2022-04-13 02:12:16,-0.7393,-90.3518,76.89,87,97,5.55
29,Carnarvon,AU,2022-04-13 02:04:32,-24.8667,113.6333,77.07,44,0,18.41
30,Kapaa,US,2022-04-13 02:12:17,22.0752,-159.319,82.38,76,75,11.5
31,Cape Town,ZA,2022-04-13 02:10:37,-33.9258,18.4232,61.11,95,93,11.01
32,Bijie,CN,2022-04-13 02:12:17,27.3125,105.2942,61.16,63,0,3.22
33,Quchan,IR,2022-04-13 02:12:18,37.106,58.5095,59.38,26,0,5.1
34,Grindavik,IS,2022-04-13 02:08:30,63.8424,-22.4338,37.87,75,0,6.91
35,Kodiak,US,2022-04-13 02:12:18,57.79,-152.4072,42.31,65,0,17.27
36,Rovaniemi,FI,2022-04-13 02:10:03,66.5,25.7167,29.61,80,0,2.3
37,Lukovetskiy,RU,2022-04-13 02:12:19,64.2956,41.9211,32.34,94,100,3.4
38,Provideniya,RU,2022-04-13 02:12:19,64.3833,-173.3,24.91,80,100,17.9
39,Ribeira Grande,PT,2022-04-13 02:07:17,38.5167,-28.7,62.37,80,100,24.63
40,Busselton,AU,2022-04-13 02:12:20,-33.65,115.3333,66.63,53,0,11.14
41,Boyolangu,ID,2022-04-13 02:12:21,-8.1181,111.8935,82.99,68,60,3.89
42,Invercargill,NZ,2022-04-13 02:12:21,-46.4,168.35,57.0,53,35,5.91
43,Bredasdorp,ZA,2022-04-13 02:10:48,-34.5322,20.0403,63.48,81,100,4.59
44,Iberia,US,2022-04-13 02:13:22,29.9502,-91.7507,72.05,88,75,9.22
45,Mataura,NZ,2022-04-13 02:13:22,-46.1927,168.8643,58.44,48,33,3.13
46,Laguna,US,2022-04-13 02:13:23,38.421,-121.4238,60.94,45,100,16.11
47,Port Alfred,ZA,2022-04-13 02:13:23,-33.5906,26.891,66.18,96,94,1.01
48,Kruisfontein,ZA,2022-04-13 02:12:04,-34.0033,24.7314,63.57,73,2,2.93
49,Bluff,NZ,2022-04-13 02:13:24,-46.6,168.3333,55.74,56,48,8.7
50,Ostrovnoy,RU,2022-04-13 02:12:48,68.0531,39.5131,14.04,94,74,7.45
51,Martinho Campos,BR,2022-04-13 02:13:25,-19.3317,-45.2369,69.8,88,89,2.3
52,Norman Wells,CA,2022-04-13 02:13:26,65.282,-126.8329,22.15,84,14,7.23
53,Khorixas,NA,2022-04-13 02:13:26,-20.3667,14.9667,70.9,44,99,5.82
54,Khor,RU,2022-04-13 02:12:17,47.8861,134.9464,40.12,51,59,7.29
55,Te Anau,NZ,2022-04-13 02:10:24,-45.4167,167.7167,57.11,54,1,0.83
56,Hilo,US,2022-04-13 02:03:29,19.7297,-155.09,83.28,72,100,5.75
57,Aasiaat,GL,2022-04-13 02:13:28,68.7098,-52.8699,14.67,98,100,7.56
58,Lodwar,KE,2022-04-13 02:13:28,3.1191,35.5973,82.49,52,66,8.5
59,Ust-Barguzin,RU,2022-04-13 02:13:28,53.45,108.9833,28.9,69,24,2.66
60,Ponta Do Sol,PT,2022-04-13 02:03:30,32.6667,-17.1,66.0,76,96,3.38
61,Jamestown,US,2022-04-13 02:13:29,42.097,-79.2353,53.24,49,0,6.91
62,Hithadhoo,MV,2022-04-13 02:13:29,-0.6,73.0833,83.34,70,3,13.22
63,Liuzhou,CN,2022-04-13 02:13:30,24.3126,109.3892,77.32,59,44,10.76
64,Nioro,GM,2022-04-13 02:05:58,13.35,-15.75,75.16,51,95,6.08
65,Katsuura,JP,2022-04-13 02:13:31,35.1333,140.3,68.9,84,100,13.04
66,Hobart,AU,2022-04-13 02:11:54,-42.8794,147.3294,69.26,55,20,14.97
67,Vaini,TO,2022-04-13 02:13:31,-21.2,-175.2,84.36,74,20,10.36
68,Chokurdakh,RU,2022-04-13 02:13:32,70.6333,147.9167,5.43,87,100,3.91
69,Arraial Do Cabo,BR,2022-04-13 02:13:32,-22.9661,-42.0278,76.84,87,63,18.9
70,Sambava,MG,2022-04-13 02:13:32,-14.2667,50.1667,73.76,88,78,8.97
71,Belaya Gora,RU,2022-04-13 02:13:33,68.5333,146.4167,10.89,88,100,5.7
72,Maxixe,MZ,2022-04-13 02:13:33,-23.8597,35.3472,74.52,92,71,6.35
73,Fairbanks,US,2022-04-13 02:05:31,64.8378,-147.7164,42.76,38,0,9.22
74,Batagay-Alyta,RU,2022-04-13 02:13:34,67.8006,130.4114,6.49,85,100,3.38
75,Anzio,IT,2022-04-13 02:13:34,41.4853,12.6179,56.32,59,100,3.11
76,Port Elizabeth,ZA,2022-04-13 02:03:19,-33.918,25.5701,63.32,98,37,1.99
77,Bluefields,NI,2022-04-13 02:13:35,12.0137,-83.7635,76.62,88,33,8.46
78,Pa Sang,TH,2022-04-13 02:13:36,18.5262,98.9394,90.86,51,0,1.32
79,Bethel,US,2022-04-13 02:07:12,41.3712,-73.414,58.8,62,0,3.44
80,Souillac,MU,2022-04-13 02:01:53,-20.5167,57.5167,76.95,83,95,19.06
81,Anastacio,BR,2022-04-13 02:13:37,-20.4836,-55.8069,73.6,94,60,3.8
82,Hervey Bay,AU,2022-04-13 02:13:37,-25.2986,152.8535,76.01,76,39,8.99
83,Albany,US,2022-04-13 02:12:54,42.6001,-73.9662,52.88,36,87,1.99
84,Thompson,CA,2022-04-13 02:11:55,55.7435,-97.8558,24.96,86,100,11.5
85,Nelson,NZ,2022-04-13 02:13:38,-41.2833,173.2833,70.29,51,100,8.01
86,Yuancheng,CN,2022-04-13 02:13:39,36.652,107.7896,55.22,18,93,8.5
87,Jalu,LY,2022-04-13 02:12:41,29.0331,21.5482,62.22,29,59,10.96
88,Iqaluit,CA,2022-04-13 02:14:40,63.7506,-68.5145,13.73,85,100,18.41
89,Pochutla,MX,2022-04-13 02:14:40,15.7432,-96.4661,82.81,72,100,6.2
90,Khatanga,RU,2022-04-13 02:14:41,71.9667,102.5,10.36,87,100,11.56
91,Banda Aceh,ID,2022-04-13 02:14:13,5.5577,95.3222,83.64,72,72,5.06
92,Hermanus,ZA,2022-04-13 02:14:41,-34.4187,19.2345,63.86,85,100,4.76
93,Esso,RU,2022-04-13 02:14:42,55.9333,158.7,27.61,89,100,2.84
94,Makakilo City,US,2022-04-13 02:14:42,21.3469,-158.0858,84.52,49,75,17.27
95,Maceio,BR,2022-04-13 02:14:43,-9.6658,-35.7353,74.64,94,0,0.0
96,Leningradskiy,RU,2022-04-13 02:05:51,69.3833,178.4167,2.28,83,58,13.78
97,Kloulklubed,PW,2022-04-13 02:14:44,7.0419,134.2556,84.7,81,91,18.84
98,Tynda,RU,2022-04-13 02:09:59,55.1667,124.7167,29.86,50,12,6.96
99,Meulaboh,ID,2022-04-13 02:14:44,4.1363,96.1285,80.44,82,99,2.84
100,Touros,BR,2022-04-13 02:05:54,-5.1989,-35.4608,78.73,76,57,8.79
101,Avera,US,2022-04-13 02:14:45,33.194,-82.5271,67.51,72,100,6.46
102,Chuy,UY,2022-04-13 02:09:52,-33.6971,-53.4616,57.99,77,5,3.33
103,Port Macquarie,AU,2022-04-13 02:08:41,-31.4333,152.9167,64.89,79,94,8.08
104,Labuhan,ID,2022-04-13 02:07:22,-6.8844,112.2051,82.58,72,31,3.51
105,Atar,MR,2022-04-13 02:14:46,20.5169,-13.0499,76.66,18,43,9.6
106,Watertown,US,2022-04-13 02:14:47,42.3709,-71.1828,60.35,59,20,3.44
107,Georgetown,MY,2022-04-13 02:14:07,5.4112,100.3354,85.95,79,20,0.0
108,Najran,SA,2022-04-13 02:14:47,17.4924,44.1277,70.92,53,10,5.14
109,Faanui,PF,2022-04-13 02:14:48,-16.4833,-151.75,82.31,72,13,11.61
110,Segezha,RU,2022-04-13 02:14:48,63.7415,34.3222,25.07,98,100,3.09
111,Sampit,ID,2022-04-13 02:14:49,-2.5333,112.95,82.06,84,98,1.03
112,Pisco,PE,2022-04-13 02:14:03,-13.7,-76.2167,67.01,82,0,8.05
113,Manokwari,ID,2022-04-13 02:14:49,-0.8667,134.0833,84.67,71,77,12.01
114,Jertih,MY,2022-04-13 02:14:50,5.7336,102.4897,81.91,82,98,2.13
115,Huilong,CN,2022-04-13 02:14:50,31.8111,121.655,59.94,92,100,18.14
116,Diffa,NE,2022-04-13 02:13:18,13.3154,12.6113,83.66,43,64,4.79
117,East London,ZA,2022-04-13 02:14:51,-33.0153,27.9116,68.27,87,96,3.02
118,Namie,JP,2022-04-13 02:14:51,37.4833,141.0,81.72,57,100,4.23
119,Dikson,RU,2022-04-13 02:14:52,73.5069,80.5464,25.68,96,100,6.31
120,Doctor Arroyo,MX,2022-04-13 02:14:52,23.6667,-100.1833,75.63,25,100,11.03
121,Gamba,GA,2022-04-13 02:14:52,-2.65,10.0,76.66,91,58,3.71
122,Bridlington,GB,2022-04-13 02:14:53,54.0831,-0.1919,52.9,94,69,10.0
123,Kwekwe,ZW,2022-04-13 02:14:54,-18.9281,29.8149,59.9,92,29,3.11
124,Daru,PG,2022-04-13 02:10:08,-9.0763,143.2092,84.13,81,100,9.6
125,Acapulco,MX,2022-04-13 02:14:54,16.8634,-99.8901,80.42,74,100,8.05
126,Lompoc,US,2022-04-13 02:14:55,34.6391,-120.4579,55.78,62,0,26.46
127,Mahebourg,MU,2022-04-13 02:14:55,-20.4081,57.7,77.25,94,75,10.36
128,Burnie,AU,2022-04-13 02:12:38,-41.0667,145.9167,67.91,53,0,1.52
129,Cairns,AU,2022-04-13 02:12:28,-16.9167,145.7667,91.06,65,99,23.02
130,Qaanaaq,GL,2022-04-13 02:14:56,77.484,-69.3632,-1.14,100,100,2.39
131,Ancud,CL,2022-04-13 02:07:17,-41.8697,-73.8203,48.99,84,100,2.57
132,Tromso,NO,2022-04-13 02:14:58,69.6496,18.957,30.22,80,75,3.44
133,Bodden Town,KY,2022-04-13 02:15:58,19.2833,-81.25,80.01,80,20,8.05
134,Killybegs,IE,2022-04-13 02:15:59,54.6333,-8.45,49.87,91,98,5.48
135,Rio Gallegos,AR,2022-04-13 02:07:11,-51.6226,-69.2181,41.05,75,20,11.5
136,Abha,SA,2022-04-13 02:15:59,18.2164,42.5053,60.62,47,0,0.0
137,Saint George,US,2022-04-13 02:06:45,37.1041,-113.5841,54.63,11,0,10.36
138,Cabo San Lucas,MX,2022-04-13 02:12:44,22.8909,-109.9124,73.71,60,20,3.44
139,Alabaster,US,2022-04-13 02:16:00,33.2443,-86.8164,73.45,67,20,6.91
140,Tuy Hoa,VN,2022-04-13 02:16:00,13.0833,109.3,84.04,70,45,3.15
141,Shenjiamen,CN,2022-04-13 02:08:38,29.9576,122.298,61.54,99,100,4.65
142,Ilulissat,GL,2022-04-13 02:16:01,69.2167,-51.1,15.82,73,97,6.91
143,Barrow,US,2022-04-13 02:16:02,71.2906,-156.7887,3.22,66,0,9.22
144,Sao Filipe,CV,2022-04-13 02:10:09,14.8961,-24.4956,70.39,77,100,9.82
145,Antalaha,MG,2022-04-13 02:16:02,-14.9003,50.2788,75.09,81,100,6.87
146,Kununurra,AU,2022-04-13 02:16:03,-15.7667,128.7333,85.98,66,57,5.75
147,Sitka,US,2022-04-13 02:16:03,57.0531,-135.33,44.49,24,0,16.11
148,Mvuma,ZW,2022-04-13 02:16:04,-19.2792,30.5283,58.77,91,46,3.83
149,Sabang,ID,2022-04-13 02:16:04,5.8933,95.3214,83.91,69,51,7.63
150,Dovers,VC,2022-04-13 02:16:05,12.8833,-61.1833,78.39,74,18,21.41
151,Cherskiy,RU,2022-04-13 02:16:06,68.75,161.3,8.65,68,100,1.66
152,Coahuayana,MX,2022-04-13 02:16:06,18.7333,-103.6833,73.87,83,77,2.17
153,Richards Bay,ZA,2022-04-13 02:16:07,-28.783,32.0377,66.9,94,4,6.13
154,Codrington,AU,2022-04-13 02:16:07,-38.2667,141.9667,64.72,61,94,7.11
155,Saquarema,BR,2022-04-13 02:16:07,-22.92,-42.5103,74.25,92,36,9.91
156,Kushnarenkovo,RU,2022-04-13 02:16:08,55.105,55.3508,39.65,92,100,3.69
157,Kutum,SD,2022-04-13 02:16:08,14.2,24.6667,70.77,13,38,1.01
158,Madimba,TZ,2022-04-13 02:16:09,-10.4,40.3333,75.85,89,100,3.02
159,Beruwala,LK,2022-04-13 02:16:09,6.4788,79.9828,80.35,83,100,4.18
160,Le Mars,US,2022-04-13 02:16:10,42.7942,-96.1656,64.24,77,40,29.93
161,Gobabis,NA,2022-04-13 02:16:10,-22.45,18.9667,64.94,40,100,8.63
162,Lorengau,PG,2022-04-13 02:12:42,-2.0226,147.2712,84.97,68,5,6.69
163,Soyo,AO,2022-04-13 02:15:35,-6.1349,12.3689,77.61,89,66,4.94
164,San Patricio,US,2022-04-13 02:08:53,28.017,-97.5169,77.9,87,1,21.39
165,Misratah,LY,2022-04-13 02:16:12,32.3754,15.0925,60.24,71,7,19.55
166,Wakkanai,JP,2022-04-13 02:16:12,45.4094,141.6739,37.38,70,75,13.8
167,Kaitangata,NZ,2022-04-13 02:06:46,-46.2817,169.8464,58.66,48,37,2.04
168,Constitucion,CL,2022-04-13 02:07:01,-35.3333,-72.4167,55.38,50,0,8.25
169,Abong Mbang,CM,2022-04-13 02:16:13,3.9833,13.1833,68.65,97,96,2.64
170,Aykhal,RU,2022-04-13 02:16:13,66.0,111.5,19.53,89,100,11.27
171,Port Hedland,AU,2022-04-13 02:11:12,-20.3167,118.5667,93.25,27,1,0.0
172,Ahipara,NZ,2022-04-13 02:16:14,-35.1667,173.1667,66.79,67,100,16.02
173,Hokitika,NZ,2022-04-13 02:16:15,-42.7167,170.9667,62.58,57,0,9.15
174,La Union,PE,2022-04-13 02:16:15,-5.4,-80.75,72.27,70,9,15.88
175,Mar Del Plata,AR,2022-04-13 02:16:15,-38.0023,-57.5575,53.87,81,0,5.01
176,Bud,US,2022-04-13 02:16:16,39.447,-86.1758,67.35,87,100,14.07
177,Namtsy,RU,2022-04-13 02:16:16,62.7161,129.6658,26.65,85,94,4.03
178,Kardymovo,RU,2022-04-13 02:16:17,54.8902,32.4311,35.44,97,100,14.43
179,Haftoni,AZ,2022-04-13 02:16:17,38.7632,48.7622,50.18,52,0,5.19
180,Hit,IQ,2022-04-13 02:16:18,33.6416,42.8251,60.31,40,0,11.79
181,Lebu,CL,2022-04-13 02:16:18,-37.6167,-73.65,50.36,80,3,15.64
182,Severo-Kurilsk,RU,2022-04-13 02:07:28,50.6789,156.125,31.33,87,100,6.67
183,Kodinsk,RU,2022-04-13 02:17:20,58.6881,99.1844,33.4,71,69,1.57
184,Zlobin,HR,2022-04-13 02:17:21,45.2924,14.6541,43.63,91,0,4.61
185,Itamaraju,BR,2022-04-13 02:17:21,-17.0392,-39.5311,71.58,96,15,0.34
186,Garowe,SO,2022-04-13 02:17:21,8.4054,48.4845,73.35,89,17,4.54
187,Balikpapan,ID,2022-04-13 02:15:20,-1.2675,116.8289,81.59,83,20,4.61
188,Port-Gentil,GA,2022-04-13 02:17:22,-0.7193,8.7815,80.08,84,100,8.88
189,Vila Velha,BR,2022-04-13 02:17:22,-20.3297,-40.2925,76.95,90,75,3.44
190,Portoferraio,IT,2022-04-13 02:17:23,42.8115,10.3146,49.51,67,100,13.82
191,Lebanon,US,2022-04-13 02:17:23,36.2081,-86.2911,72.14,79,0,4.61
192,Chulman,RU,2022-04-13 02:17:24,56.8479,124.9104,22.15,82,100,4.79
193,Rincon,US,2022-04-13 02:17:24,32.296,-81.2354,68.86,82,20,10.36
194,Hasaki,JP,2022-04-13 02:06:59,35.7333,140.8333,82.29,71,100,9.55
195,Mehamn,NO,2022-04-13 02:17:25,71.0357,27.8492,27.59,75,99,10.89
196,Baruun-Urt,MN,2022-04-13 02:12:02,46.6806,113.2792,37.08,28,100,20.67
197,Sawakin,SD,2022-04-13 02:17:26,19.1059,37.3321,77.83,75,10,7.96
198,Vostok,RU,2022-04-13 02:17:26,46.4856,135.8833,33.78,73,100,5.97
199,Baranchinskiy,RU,2022-04-13 02:17:27,58.1617,59.6991,34.27,97,100,3.4
200,Saint-Joseph,RE,2022-04-13 02:16:50,-21.3667,55.6167,75.58,84,95,15.95
201,Itarema,BR,2022-04-13 02:08:39,-2.9248,-39.9167,77.74,87,89,7.96
202,Arawa,PG,2022-04-13 02:17:27,-6.2132,155.5367,87.93,61,100,5.57
203,Roxana,CR,2022-04-13 02:11:16,10.2753,-83.7513,81.03,93,70,3.11
204,Mogadishu,SO,2022-04-13 02:17:28,2.0371,45.3438,81.86,78,100,7.16
205,Bengkulu,ID,2022-04-13 02:17:29,-3.8004,102.2655,81.0,77,29,1.05
206,Sikeston,US,2022-04-13 02:17:29,36.8767,-89.5879,73.44,68,0,6.91
207,Guerrero Negro,MX,2022-04-13 02:14:20,27.9769,-114.0611,58.95,63,1,22.93
208,Anadyr,RU,2022-04-13 02:17:30,64.75,177.4833,27.1,80,100,20.13
209,Semirom,IR,2022-04-13 02:17:30,31.4167,51.5667,48.83,38,17,3.85
210,Margate,GB,2022-04-13 02:14:09,51.3813,1.3862,51.31,88,71,3.0
211,Birao,CF,2022-04-13 02:17:31,10.2849,22.7882,80.42,43,56,1.52
212,Vilyuysk,RU,2022-04-13 02:17:31,63.7553,121.6247,22.01,91,100,2.86
213,Ouesso,CG,2022-04-13 02:17:32,1.6136,16.0517,73.02,78,32,1.86
214,San Isidro,PE,2022-04-13 02:17:32,-12.1167,-77.05,65.79,77,0,12.66
215,Coihaique,CL,2022-04-13 02:08:49,-45.5752,-72.0662,49.95,66,20,9.22
216,Macklin,CA,2022-04-13 02:17:33,52.3334,-109.9348,21.54,66,100,13.71
217,Cabedelo,BR,2022-04-13 02:17:33,-6.9811,-34.8339,79.47,79,90,7.65
218,Yingcheng,CN,2022-04-13 02:17:34,30.95,113.55,58.96,77,100,16.11
219,Aljezur,PT,2022-04-13 02:17:34,37.3191,-8.8033,55.17,89,79,9.62
220,Arlit,NE,2022-04-13 02:17:35,18.7369,7.3853,82.06,9,2,5.14
221,Paracuru,BR,2022-04-13 02:17:35,-3.41,-39.0306,82.11,86,46,6.55
222,Alice Springs,AU,2022-04-13 02:17:35,-23.7,133.8833,94.55,18,2,14.97
223,Ossora,RU,2022-04-13 02:17:36,59.2353,163.0719,23.43,92,100,7.81
224,Dezful,IR,2022-04-13 02:17:36,32.3811,48.4058,72.14,26,64,1.77
225,Minab,IR,2022-04-13 02:17:37,27.1467,57.0801,70.12,60,0,2.3
226,Torbay,CA,2022-04-13 02:17:37,47.6666,-52.7314,37.27,85,75,26.46
227,Doembang Nangbuat,TH,2022-04-13 02:17:38,14.8333,100.1,92.05,40,97,6.62
228,Warrington,GB,2022-04-13 02:17:38,53.3925,-2.5802,51.8,89,75,1.01
229,Kenai,US,2022-04-13 02:17:39,60.5544,-151.2583,49.03,31,0,4.61
230,Berlevag,NO,2022-04-13 02:18:39,70.8578,29.0864,26.4,78,100,12.41
231,Brownwood,US,2022-04-13 02:17:09,31.7093,-98.9912,74.52,76,20,8.05
232,Pinotepa Nacional,MX,2022-04-13 02:18:40,16.3167,-98.0167,78.46,70,100,3.87
233,Altos,BR,2022-04-13 02:18:40,-5.0381,-42.46,77.31,96,98,3.8
234,Comodoro Rivadavia,AR,2022-04-13 02:12:46,-45.8667,-67.5,55.26,50,0,28.77
235,Pudozh,RU,2022-04-13 02:18:41,61.8099,36.5345,32.88,99,100,1.83
236,Upernavik,GL,2022-04-13 02:12:33,72.7868,-56.1549,4.75,98,100,9.19
237,Santiago Del Estero,AR,2022-04-13 02:18:41,-27.7951,-64.2615,61.93,90,100,9.44
238,Diadi,PH,2022-04-13 02:18:42,16.662,121.3658,81.91,75,68,1.92
239,Ingham,US,2022-04-13 02:18:43,42.6,-84.3833,56.97,56,75,14.97
240,Port Blair,IN,2022-04-13 02:18:43,11.6667,92.75,86.04,74,20,3.44
241,Clyde River,CA,2022-04-13 02:18:44,70.4692,-68.5914,-5.57,77,100,6.91
242,Lafia,NG,2022-04-13 02:18:44,8.4833,8.5167,76.35,76,99,0.69
243,Senanga,ZM,2022-04-13 02:18:45,-16.1167,23.2667,66.94,84,100,3.94
244,La Ronge,CA,2022-04-13 02:18:45,55.1001,-105.2842,19.65,49,75,11.5
245,Agutaya,PH,2022-04-13 02:18:46,11.148,120.9417,80.49,79,77,6.06
246,Kasongo-Lunda,CD,2022-04-13 02:18:46,-6.4667,16.8167,69.28,96,100,1.28
247,Buchanan,LR,2022-04-13 02:18:48,5.8808,-10.0467,77.59,90,100,4.5
248,Muisne,EC,2022-04-13 02:18:49,0.6,-80.0333,76.55,87,100,7.23
249,Atambua,ID,2022-04-13 02:18:50,-9.1061,124.8925,80.46,68,89,1.07
250,Caconda,AO,2022-04-13 02:18:51,-13.7333,15.0667,57.09,97,77,2.35
251,Shingu,JP,2022-04-13 02:15:45,33.7333,135.9833,73.2,73,92,4.0
252,College,US,2022-04-13 02:12:35,64.8569,-147.8028,42.75,41,20,9.22
253,Pangkalanbuun,ID,2022-04-13 02:18:53,-2.6833,111.6167,86.58,64,100,0.49
254,Port Augusta,AU,2022-04-13 02:18:55,-32.5,137.7667,85.32,25,16,7.7
255,Le Mans,FR,2022-04-13 02:18:55,48.0,0.2,44.53,100,100,2.3
256,Onda,ES,2022-04-13 02:18:56,39.9667,-0.25,54.9,97,99,3.98
257,Key West,US,2022-04-13 02:18:57,24.5557,-81.7826,80.6,64,100,14.97
258,Sabirabad,AZ,2022-04-13 02:18:57,40.0095,48.4752,49.03,50,0,7.85
259,Severobaykalsk,RU,2022-04-13 02:18:59,55.65,109.3167,24.55,77,22,2.57
260,Kieta,PG,2022-04-13 02:18:59,-6.2167,155.6333,85.66,65,100,4.74
261,Narsaq,GL,2022-04-13 02:19:00,60.9167,-46.05,44.82,57,100,7.38
262,Kavieng,PG,2022-04-13 02:19:00,-2.5744,150.7967,85.08,69,7,9.82
263,Torremolinos,ES,2022-04-13 02:19:01,36.6204,-4.4998,54.9,88,20,8.05
264,Husavik,IS,2022-04-13 02:19:01,66.0449,-17.3389,28.53,84,72,8.59
265,Ucluelet,CA,2022-04-13 02:15:07,48.9329,-125.5528,41.09,84,91,4.0
266,Havoysund,NO,2022-04-13 02:19:02,70.9963,24.6622,30.43,67,100,11.99
267,Guia Lopes Da Laguna,BR,2022-04-13 02:19:02,-21.4578,-56.1142,71.74,97,48,4.29
268,Fort Nelson,CA,2022-04-13 02:19:03,58.8053,-122.7002,22.59,36,20,6.91
269,Mweka,CD,2022-04-13 02:16:07,-4.85,21.5667,68.7,96,100,1.1
270,Grand Gaube,MU,2022-04-13 02:19:04,-20.0064,57.6608,77.38,85,24,4.0
271,Moose Factory,CA,2022-04-13 02:19:04,51.2585,-80.6094,35.6,69,0,6.91
272,Wajir,KE,2022-04-13 02:19:05,1.7471,40.0573,77.67,70,57,10.33
273,Aranda De Duero,ES,2022-04-13 02:19:05,41.6704,-3.6892,42.82,91,21,3.65
274,Oktyabrskiy,RU,2022-04-13 02:19:05,54.4815,53.471,38.46,95,75,2.35
275,Kiama,AU,2022-04-13 02:20:06,-34.6833,150.8667,65.44,79,98,1.99
276,Teguise,ES,2022-04-13 02:20:07,29.0605,-13.564,61.02,72,20,6.91
277,Avarua,CK,2022-04-13 02:15:18,-21.2078,-159.775,82.45,74,75,4.61
278,Rathenow,DE,2022-04-13 02:20:07,52.6066,12.337,47.1,77,95,8.59
279,Sindor,RU,2022-04-13 02:20:08,62.8629,51.8905,35.28,100,100,4.36
280,Camabatela,AO,2022-04-13 02:20:08,-8.1881,15.375,62.37,98,100,1.68
281,Raudeberg,NO,2022-04-13 02:20:09,61.9875,5.1352,41.67,73,98,11.77
282,Lagos,NG,2022-04-13 02:17:02,6.5833,3.75,76.82,85,100,1.23
283,Itaituba,BR,2022-04-13 02:20:10,-4.2761,-55.9836,73.44,99,100,1.9
284,Supe,PE,2022-04-13 02:20:10,-10.8,-77.7333,66.83,85,26,8.34
285,Boden,SE,2022-04-13 02:20:11,65.8252,21.6886,32.0,95,100,0.67
286,Neryungri,RU,2022-04-13 02:20:11,56.6709,124.6491,22.68,80,97,7.96
287,Nadym,RU,2022-04-13 02:20:12,65.5333,72.5167,33.85,98,79,10.8
288,Wasilla,US,2022-04-13 02:16:29,61.5814,-149.4394,51.78,26,0,6.91
289,Dingle,PH,2022-04-13 02:20:12,10.9995,122.6711,75.96,85,100,1.03
290,Longyearbyen,SJ,2022-04-13 02:12:36,78.2186,15.6401,15.64,86,75,0.0
291,Togur,RU,2022-04-13 02:20:13,58.3631,82.8265,31.57,97,100,2.33
292,Lavrentiya,RU,2022-04-13 02:20:13,65.5833,-171.0,19.81,84,95,10.94
293,Fortuna,US,2022-04-13 02:20:14,40.5982,-124.1573,48.92,73,100,5.75
294,Maldonado,UY,2022-04-13 02:20:15,-34.6667,-54.9167,61.23,64,0,4.43
295,Flin Flon,CA,2022-04-13 02:20:15,54.7682,-101.865,18.39,84,72,9.19
296,Taltal,CL,2022-04-13 02:11:32,-25.4,-70.4833,62.15,76,0,4.9
297,Bida,NG,2022-04-13 02:20:16,9.0833,6.0167,77.97,79,83,4.52
298,Talnakh,RU,2022-04-13 02:20:18,69.4865,88.3972,34.21,97,100,7.65
299,Ratnagiri,IN,2022-04-13 02:11:31,16.9833,73.3,82.11,71,99,1.07
300,Camacha,PT,2022-04-13 02:20:18,33.0833,-16.3333,58.42,88,40,14.97
301,Ambilobe,MG,2022-04-13 02:16:58,-13.2,49.05,70.68,90,99,3.24
302,Cidreira,BR,2022-04-13 02:20:19,-30.1811,-50.2056,70.05,91,41,8.3
303,Rassvet,RU,2022-04-13 02:20:19,46.8333,40.75,38.44,100,100,6.71
304,Yarmouth,US,2022-04-13 02:20:20,41.7057,-70.2286,52.47,87,0,6.91
305,Prince Rupert,CA,2022-04-13 02:20:21,54.3161,-130.3201,41.09,22,0,14.97
306,Bage,BR,2022-04-13 02:20:21,-31.3314,-54.1069,60.58,88,0,1.14
307,Nome,US,2022-04-13 02:20:22,64.5011,-165.4064,38.16,70,100,8.05
308,Walvis Bay,NA,2022-04-13 02:20:22,-22.9575,14.5053,52.75,93,100,4.61
309,Tucuman,AR,2022-04-13 02:19:41,-26.8241,-65.2226,68.0,94,75,6.91
310,Olinda,BR,2022-04-13 02:15:33,-8.0089,-34.8553,82.13,74,20,3.44
311,Pervomayskiy,RU,2022-04-13 02:20:23,53.2485,40.2871,49.96,87,100,7.49
312,Saint-Philippe,RE,2022-04-13 02:20:23,-21.3585,55.7679,76.59,86,100,15.28
313,Lima Duarte,BR,2022-04-13 02:20:24,-21.8425,-43.7931,65.86,96,67,2.06
314,San Felipe,VE,2022-04-13 02:20:24,10.3399,-68.7425,72.5,93,95,6.02
315,Rameshki,RU,2022-04-13 02:20:25,57.3439,36.0453,34.23,99,100,8.63
316,Haines Junction,CA,2022-04-13 02:20:25,60.7522,-137.5108,31.95,21,6,3.44
317,Aleksandrovskoye,RU,2022-04-13 02:21:26,44.7142,43.0008,40.53,79,94,24.11
318,Vestmannaeyjar,IS,2022-04-13 02:21:26,63.4427,-20.2734,41.13,69,94,15.37
319,Buta,CD,2022-04-13 02:21:27,2.7858,24.73,69.85,96,18,1.01
320,Lima,PE,2022-04-13 02:17:34,-12.0432,-77.0282,64.65,77,0,12.66
321,Mawlaik,MM,2022-04-13 02:17:14,23.6333,94.4167,89.83,40,21,1.48
322,Victoria,HK,2022-04-13 02:18:59,22.2855,114.1577,82.18,85,13,8.99
323,Gat,IL,2022-04-13 02:21:28,31.61,34.7642,57.88,100,8,0.89
324,Roma,US,2022-04-13 02:21:29,43.2128,-75.4557,50.72,55,0,3.44
325,Presidencia Roque Saenz Pena,AR,2022-04-13 02:21:29,-26.7852,-60.4388,65.61,98,19,5.97
326,Kodarma,IN,2022-04-13 02:21:30,24.4667,85.6,85.55,48,75,6.29
327,Mwingi,KE,2022-04-13 02:21:30,-0.9344,38.0601,65.19,91,95,4.05
328,Altay,CN,2022-04-13 02:15:25,47.8667,88.1167,43.56,39,0,4.09
329,Igrim,RU,2022-04-13 02:21:31,63.1906,64.4162,34.57,97,16,8.79
330,Sobolevo,RU,2022-04-13 02:21:31,54.4299,31.8996,34.97,98,100,18.05
331,Ola,RU,2022-04-13 02:21:31,59.5833,151.2833,23.18,55,54,6.17
332,Esperance,AU,2022-04-13 02:21:32,-33.8667,121.9,67.84,74,38,11.77
333,Kambove,CD,2022-04-13 02:21:32,-10.8764,26.5969,59.32,98,36,3.62
334,Alofi,NU,2022-04-13 02:21:33,-19.0595,-169.9187,78.69,83,40,1.14
335,Sao Joao Da Barra,BR,2022-04-13 02:21:33,-21.6403,-41.0511,76.57,85,17,9.28
336,Dunedin,NZ,2022-04-13 02:21:34,-45.8742,170.5036,60.8,47,40,5.99
337,Livingston,GB,2022-04-13 02:20:21,55.9029,-3.5226,44.29,99,100,4.61
338,Zhezkazgan,KZ,2022-04-13 02:21:35,47.8043,67.7144,42.78,87,20,6.71
339,Komsomolskiy,UZ,2022-04-13 02:17:11,40.4272,71.7189,63.32,59,36,4.61
340,Kholtoson,RU,2022-04-13 02:21:35,50.2981,103.3097,20.68,81,100,8.05
341,Mount Isa,AU,2022-04-13 02:21:36,-20.7333,139.5,92.97,26,100,13.8
342,Hambantota,LK,2022-04-13 02:21:36,6.1241,81.1185,81.68,79,99,4.27
343,Igarka,RU,2022-04-13 02:21:36,67.4667,86.5833,34.03,100,100,13.22
344,Vaitape,PF,2022-04-13 02:21:37,-16.5167,-151.75,82.35,72,13,11.65
345,Fayaoue,NC,2022-04-13 02:21:37,-20.65,166.5333,78.42,73,20,3.06
346,Carroll,US,2022-04-13 02:21:38,39.5501,-77.0164,66.79,65,100,3.44
347,Muros,ES,2022-04-13 02:21:38,42.7762,-9.0603,54.84,91,76,6.76
348,Dinga,PK,2022-04-13 02:21:39,32.6398,73.722,76.26,43,22,7.65
349,Tabora,TZ,2022-04-13 02:21:39,-5.0167,32.8,62.85,92,100,2.84
350,Palu,ID,2022-04-13 02:21:40,-0.8917,119.8707,87.78,63,99,4.0
351,Kigorobya,UG,2022-04-13 02:21:40,1.6162,31.3089,66.31,81,85,3.24
352,The Valley,AI,2022-04-13 02:21:40,18.217,-63.0578,78.1,64,0,20.15
353,Puerto Maldonado,PE,2022-04-13 02:21:41,-12.6,-69.1833,78.13,81,73,1.88
354,Gimli,CA,2022-04-13 02:21:41,50.6336,-96.9907,28.42,64,100,17.27
355,Tombouctou,ML,2022-04-13 02:21:42,20.0,-3.0,80.28,7,14,9.4
356,Srednekolymsk,RU,2022-04-13 02:15:24,67.45,153.6833,12.04,77,6,4.52
357,Xining,CN,2022-04-13 02:21:42,36.6167,101.7667,42.48,43,16,5.23
358,Malanje,AO,2022-04-13 02:21:43,-9.5402,16.341,62.74,98,100,3.02
359,China,MX,2022-04-13 02:21:44,25.7,-99.2333,78.44,52,91,21.25
360,Paamiut,GL,2022-04-13 02:21:44,61.994,-49.6678,26.33,80,91,9.78
361,Namibe,AO,2022-04-13 02:21:45,-15.1961,12.1522,75.06,79,2,5.1
362,Nikolskoye,RU,2022-04-13 02:22:45,59.7035,30.7861,32.81,94,7,2.71
363,Samana,DO,2022-04-13 02:22:46,19.2056,-69.3369,75.07,84,12,9.48
364,Araouane,ML,2022-04-13 02:22:46,18.9048,-3.5265,82.51,7,33,10.47
365,Channel-Port Aux Basques,CA,2022-04-13 02:15:28,47.5702,-59.1367,34.93,74,97,6.06
366,Ayorou,NE,2022-04-13 02:22:47,14.7308,0.9174,87.57,12,10,7.31
367,Manjacaze,MZ,2022-04-13 02:22:47,-24.7117,33.8828,70.12,97,5,4.83
368,Sterling,US,2022-04-13 02:22:48,39.0062,-77.4286,70.09,66,75,6.91
369,Flinders,AU,2022-04-13 02:21:35,-34.5833,150.8552,65.25,84,95,10.04
370,Calama,CL,2022-04-13 02:22:48,-22.4667,-68.9333,52.29,40,0,9.22
371,Nhulunbuy,AU,2022-04-13 02:13:55,-12.2333,136.7667,77.61,94,75,6.91
372,Isangel,VU,2022-04-13 02:22:49,-19.55,169.2667,82.81,72,19,1.14
373,Galle,LK,2022-04-13 02:22:49,6.0367,80.217,82.15,78,95,2.66
374,Kupang,ID,2022-04-13 02:22:50,-10.1667,123.5833,84.85,67,53,5.53
375,Kahului,US,2022-04-13 02:22:50,20.8947,-156.47,86.02,57,20,23.02
376,Aranos,NA,2022-04-13 02:22:51,-24.1333,19.1167,67.3,47,98,10.85
377,Nara,JP,2022-04-13 02:22:51,34.6851,135.8049,76.96,58,99,4.99
378,Celestun,MX,2022-04-13 02:22:52,20.8667,-90.4,84.47,61,10,16.98
379,Beloha,MG,2022-04-13 02:22:52,-25.1667,45.05,71.06,86,87,11.59
380,Loa Janan,ID,2022-04-13 02:22:53,-0.583,117.095,77.43,92,100,2.55
381,Dwarka,IN,2022-04-13 02:22:53,22.2394,68.9678,79.63,78,0,13.09
382,Turbat,PK,2022-04-13 02:22:54,26.0023,63.044,82.72,27,0,4.0
383,Xuddur,SO,2022-04-13 02:22:54,4.1213,43.8894,75.47,84,9,11.18
384,Balkanabat,TM,2022-04-13 02:22:54,39.5108,54.3671,76.84,22,61,4.5
385,Mega,ET,2022-04-13 02:22:55,4.05,38.3,60.31,80,91,4.25
386,Bor,RU,2022-04-13 02:22:55,56.3567,44.0669,42.73,97,80,5.12
387,Wanning,CN,2022-04-13 02:22:56,18.8003,110.3967,82.29,69,2,4.7
388,Karaman,TR,2022-04-13 02:22:56,37.0833,33.25,30.38,75,11,10.92
389,San Cristobal,VE,2022-04-13 02:19:41,7.7669,-72.225,75.38,84,54,2.06
390,Champua,IN,2022-04-13 02:22:57,22.0833,85.6667,85.44,51,48,7.05
391,Evensk,RU,2022-04-13 02:22:57,61.95,159.2333,22.96,63,100,11.48
392,Buala,SB,2022-04-13 02:22:58,-8.145,159.5921,85.91,63,19,8.03
393,Korla,CN,2022-04-13 02:22:58,41.7597,86.1469,59.72,17,100,13.06
394,Nelson Bay,AU,2022-04-13 02:22:59,-32.7167,152.15,65.08,92,100,4.27
395,Mackay,AU,2022-04-13 02:22:59,-21.15,149.2,85.68,64,62,16.08
396,Barra Do Garcas,BR,2022-04-13 02:22:59,-15.89,-52.2567,80.35,66,96,0.96
397,Dalvik,IS,2022-04-13 02:23:00,65.9702,-18.5286,31.93,82,96,9.44
398,Fredericton,CA,2022-04-13 02:23:00,45.9454,-66.6656,39.83,95,100,19.57
399,Selikhino,RU,2022-04-13 02:23:01,50.3672,137.4996,33.28,66,100,9.15
400,San Andres,CO,2022-04-13 02:23:01,12.5847,-81.7006,82.42,74,40,13.8
401,Luderitz,NA,2022-04-13 02:23:02,-26.6481,15.1594,61.3,76,2,3.96
402,Beringovskiy,RU,2022-04-13 02:23:02,63.05,179.3167,24.98,96,100,13.11
403,Broome,US,2022-04-13 02:23:02,42.2506,-75.833,50.63,59,98,1.99
404,Mahon,ES,2022-04-13 02:23:03,39.8885,4.2658,57.76,94,100,4.61
405,Mareeba,AU,2022-04-13 02:23:03,-17.0,145.4333,87.44,58,98,6.64
406,Puerto Concordia,CO,2022-04-13 02:23:04,2.6221,-72.7572,74.3,95,76,1.7
407,Saldanha,ZA,2022-04-13 02:23:04,-33.0117,17.9442,60.85,90,100,10.63
408,Byron Bay,AU,2022-04-13 02:21:19,-28.65,153.6167,67.95,79,100,10.09
409,Mecca,SA,2022-04-13 02:24:05,21.4267,39.8261,79.14,37,41,1.81
410,Simpang Empat,MY,2022-04-13 02:24:07,4.95,100.6333,83.07,80,70,1.83
411,Yima,CN,2022-04-13 02:24:07,34.7381,111.8839,58.53,38,39,8.21
412,Havre-Saint-Pierre,CA,2022-04-13 02:24:07,50.2334,-63.5986,32.36,100,100,3.44
413,Kidal,ML,2022-04-13 02:24:08,18.4411,1.4078,82.42,6,39,11.25
414,Vila Franca Do Campo,PT,2022-04-13 02:24:08,37.7167,-25.4333,61.21,89,100,9.35
415,Tsarychanka,UA,2022-04-13 02:24:09,48.937,34.4786,36.77,97,100,14.09
416,Saint-Pierre,RE,2022-04-13 02:24:09,-21.3393,55.4781,76.68,80,0,20.71
417,Vung Tau,VN,2022-04-13 02:24:10,10.346,107.0843,83.14,74,17,5.17
418,Tilichiki,RU,2022-04-13 02:24:11,60.4667,166.1,15.82,90,100,12.06
419,Ust-Tsilma,RU,2022-04-13 02:24:11,65.441,52.1498,32.74,99,100,0.69
420,Krasnystaw,PL,2022-04-13 02:24:11,50.9846,23.1742,30.4,71,12,1.57
421,Bambanglipuro,ID,2022-04-13 02:24:12,-7.95,110.2833,83.16,70,91,4.27
422,Broken Hill,AU,2022-04-13 02:24:12,-31.95,141.4333,69.51,30,0,12.66
423,Shache,CN,2022-04-13 02:24:13,38.4167,77.2406,60.71,22,99,3.13
424,Inta,RU,2022-04-13 02:24:13,66.0317,60.1659,33.01,99,100,2.08
425,Zhuhai,CN,2022-04-13 02:24:14,22.2769,113.5678,81.86,88,40,8.05
426,Zambezi,ZM,2022-04-13 02:24:14,-13.5432,23.1047,62.2,94,30,4.09
427,Gorgan,IR,2022-04-13 02:24:15,36.8387,54.4348,60.76,77,75,27.63
428,Gazanjyk,TM,2022-04-13 02:24:15,39.2446,55.5154,75.9,24,90,5.17
429,Asau,RO,2022-04-13 02:24:16,46.4333,26.4,38.32,82,23,5.59
430,Pecky,CZ,2022-04-13 02:24:16,50.0904,15.0302,44.37,80,15,5.88
431,Santa Catarina De Tepehuanes,MX,2022-04-13 02:24:17,25.35,-105.7333,57.09,38,0,11.05
432,Lasa,IT,2022-04-13 02:24:17,46.6166,10.7002,45.48,84,100,1.81
433,Mayor Pablo Lagerenza,PY,2022-04-13 02:24:18,-19.9309,-60.7718,74.39,94,76,4.03
434,Hamilton,US,2022-04-13 02:21:42,39.1834,-84.5333,67.24,84,75,11.5
435,Harlingen,US,2022-04-13 02:24:18,26.1906,-97.6961,78.06,89,0,24.16
436,Porto Belo,BR,2022-04-13 02:24:19,-27.1578,-48.5531,72.25,22,33,4.0
437,Kimbe,PG,2022-04-13 02:24:19,-5.5502,150.1429,85.03,75,56,3.91
438,San Quintin,MX,2022-04-13 02:24:20,30.4833,-115.95,58.77,62,0,22.32
439,Manggar,ID,2022-04-13 02:24:20,-2.8833,108.2667,85.62,60,20,5.37
440,Murray Bridge,AU,2022-04-13 02:24:20,-35.1167,139.2667,73.13,29,0,9.08
441,Faya,SA,2022-04-13 02:24:21,18.3851,42.4509,60.91,49,72,2.55
442,Taoudenni,ML,2022-04-13 02:15:52,22.6783,-3.9836,83.1,6,18,6.76
443,Merauke,ID,2022-04-13 02:24:22,-8.4667,140.3333,86.41,69,69,5.53
444,Sinnamary,GF,2022-04-13 02:24:22,5.3833,-52.95,77.68,87,82,11.3
445,Singaraja,ID,2022-04-13 02:24:22,-8.112,115.0882,85.57,60,39,1.19
446,Virginia Beach,US,2022-04-13 02:23:50,36.8529,-75.978,69.82,70,75,3.44
447,Yuryevets,RU,2022-04-13 02:24:23,57.3201,43.1041,39.69,99,85,4.59
448,Bloomfield,US,2022-04-13 02:20:13,40.8068,-74.1854,63.0,57,0,1.01
449,Chacabuco,AR,2022-04-13 02:24:24,-34.6417,-60.4739,51.01,49,46,7.43
450,Nicoya,CR,2022-04-13 02:24:24,10.1483,-85.452,80.89,63,95,8.63
451,Lieksa,FI,2022-04-13 02:24:25,63.3167,30.0167,27.07,95,100,1.28
452,Tocopilla,CL,2022-04-13 02:24:25,-22.092,-70.1979,64.62,70,9,8.75
453,Bergen,NO,2022-04-13 02:24:25,60.392,5.328,40.87,74,40,3.44
454,Terrace,CA,2022-04-13 02:23:05,54.5163,-128.6035,37.31,21,20,10.36
455,Kosa,RU,2022-04-13 02:15:37,59.9445,54.9977,30.51,97,18,3.36
456,Riyadh,SA,2022-04-13 02:25:27,24.6877,46.7219,78.94,20,87,8.12
457,Sisimiut,GL,2022-04-13 02:25:27,66.9395,-53.6735,22.23,82,21,4.38
458,Samarai,PG,2022-04-13 02:25:28,-10.6167,150.6667,84.63,72,80,11.41
459,Qaqortoq,GL,2022-04-13 02:25:28,60.7167,-46.0333,34.14,63,100,5.5
460,Port Pirie,AU,2022-04-13 02:25:29,-33.1833,138.0167,75.29,28,26,5.57
461,Port Moresby,PG,2022-04-13 02:25:29,-9.4431,147.1797,87.22,70,40,17.27
462,Natal,BR,2022-04-13 02:23:28,-5.795,-35.2094,79.02,89,20,5.75
463,Noshiro,JP,2022-04-13 02:25:30,40.2039,140.0242,52.63,81,100,10.83
464,Kedougou,SN,2022-04-13 02:25:30,12.5579,-12.1743,86.34,35,95,9.62
465,Yulara,AU,2022-04-13 02:12:59,-25.2406,130.9889,94.84,18,24,17.27
466,Brae,GB,2022-04-13 02:25:31,60.3964,-1.353,43.7,87,100,15.9
467,Bin Qirdan,TN,2022-04-13 02:25:31,33.1378,11.2197,61.34,67,100,21.09
468,Auki,SB,2022-04-13 02:25:32,-8.7676,160.7034,86.7,56,17,2.04
469,Oga,IT,2022-04-13 02:25:32,46.4631,10.347,38.7,88,100,0.98
470,Geraldton,AU,2022-04-13 02:16:46,-28.7667,114.6,72.01,60,0,13.8
471,Lahij,YE,2022-04-13 02:25:33,13.1667,44.5833,72.19,59,5,1.7
472,Batticaloa,LK,2022-04-13 02:25:33,7.7102,81.6924,80.55,81,77,4.56
473,Eyl,SO,2022-04-13 02:25:34,7.9803,49.8164,82.26,71,100,4.9
474,Karratha,AU,2022-04-13 02:25:35,-20.7377,116.8463,89.24,26,1,3.18
475,Yabelo,ET,2022-04-13 02:25:35,4.8833,38.0833,58.15,81,79,3.42
476,Cedar City,US,2022-04-13 02:25:36,37.6775,-113.0619,32.97,40,0,9.22
477,Ixtapa,MX,2022-04-13 02:23:54,20.7,-105.2,75.22,83,20,9.22
478,Bundibugyo,UG,2022-04-13 02:25:36,0.7414,30.0417,67.39,73,15,2.1
479,Ostuni,IT,2022-04-13 02:25:37,40.7276,17.5764,47.59,48,79,3.69
480,Saint-Andre-Avellin,CA,2022-04-13 02:25:37,45.7168,-75.066,43.2,64,100,3.18
481,Grand Island,US,2022-04-13 02:25:38,40.925,-98.342,55.35,40,0,39.12
482,North Platte,US,2022-04-13 02:23:05,41.1239,-100.7654,42.69,31,0,33.38
483,Laurens,US,2022-04-13 02:25:38,32.4502,-82.9165,69.3,79,0,0.0
484,Homer,US,2022-04-13 02:25:39,59.6425,-151.5483,49.05,50,0,11.5
485,Road Town,VG,2022-04-13 02:21:10,18.4167,-64.6167,77.04,78,20,11.5
486,San Marcos,US,2022-04-13 02:25:39,33.1434,-117.1661,60.51,55,0,13.8
487,Jiexiu,CN,2022-04-13 02:25:40,37.0244,111.9125,61.99,17,96,8.66
488,Cockburn Town,TC,2022-04-13 02:25:40,21.4612,-71.1419,77.09,78,92,25.9
489,Saint-Augustin,CA,2022-04-13 02:25:41,51.226,-58.6502,27.32,91,88,6.08
490,Solnechnyy,RU,2022-04-13 02:25:41,50.7214,136.6319,29.7,75,100,6.6
491,Iskateley,RU,2022-04-13 02:21:15,67.6803,53.1512,23.58,93,95,7.43
492,Taloqan,AF,2022-04-13 02:25:42,36.7361,69.5345,67.98,59,81,2.13
493,Nizhnyaya Poyma,RU,2022-04-13 02:25:43,56.1622,97.1933,31.55,76,11,3.11
494,Viking,CA,2022-04-13 02:25:43,53.1001,-111.7684,23.13,67,100,14.29
495,Pietarsaari,FI,2022-04-13 02:25:43,63.65,22.6833,23.0,88,17,4.34
496,Rizhao,CN,2022-04-13 02:25:44,35.4275,119.4553,56.07,34,100,10.63
497,Mugla,TR,2022-04-13 02:25:44,37.2303,28.3557,34.57,61,0,6.24
498,Mayo,US,2022-04-13 02:25:45,38.8876,-76.5119,69.75,71,75,3.44
499,Port Huron,US,2022-04-13 02:21:07,42.9709,-82.4249,53.55,55,40,15.99
500,Neuquen,AR,2022-04-13 02:26:45,-38.9516,-68.0591,53.49,54,0,6.91
501,Chaykovskaya,RU,2022-04-13 02:26:46,58.1279,55.5378,37.29,92,100,5.37
502,Chifeng,CN,2022-04-13 02:26:47,42.2683,118.9636,48.04,23,100,14.12
503,Umm Lajj,SA,2022-04-13 02:26:47,25.0213,37.2685,72.77,72,100,11.03
504,Abu Samrah,SY,2022-04-13 02:26:48,35.3029,37.1841,47.23,64,0,11.68
505,Amahai,ID,2022-04-13 02:26:49,-3.3333,128.9167,84.9,63,99,2.48
506,Kapoeta,SS,2022-04-13 02:26:49,4.7717,33.5903,77.76,60,100,2.1
507,Puerto Leguizamo,CO,2022-04-13 02:26:49,-0.1934,-74.7819,72.64,98,100,2.15
508,Myitkyina,MM,2022-04-13 02:26:50,25.3833,97.4,84.74,43,30,1.03
509,Westport,US,2022-04-13 02:26:50,41.1415,-73.3579,60.19,60,0,5.99
510,Yarke Pole,UA,2022-04-13 02:26:51,45.608,34.3172,40.64,68,100,9.98
511,Lahaina,US,2022-04-13 02:25:54,20.8783,-156.6825,86.0,73,31,12.46
512,Haapiti,PF,2022-04-13 02:26:51,-17.5667,-149.8667,87.53,68,4,11.48
513,Dzilam Gonzalez,MX,2022-04-13 02:26:52,21.2833,-88.9333,81.54,61,5,12.71
514,Concepcion,CL,2022-04-13 02:26:52,-36.827,-73.0498,53.4,76,0,5.75
515,Bonavista,CA,2022-04-13 02:26:53,48.6499,-53.1147,31.93,92,100,27.83
516,Yumen,CN,2022-04-13 02:26:53,40.2833,97.2,44.62,13,100,15.77
517,Krasnozerskoye,RU,2022-04-13 02:26:54,53.9828,79.2374,37.96,62,2,11.41
518,Narok,KE,2022-04-13 02:26:54,-1.0783,35.8601,55.99,87,87,3.18
519,Antofagasta,CL,2022-04-13 02:26:54,-23.65,-70.4,60.08,82,35,5.55
520,Yacuiba,BO,2022-04-13 02:26:55,-22.038,-63.6797,66.4,99,100,3.78
521,Betafo,MG,2022-04-13 02:26:55,-19.8333,46.85,59.63,91,82,6.11
522,Lata,PT,2022-04-13 02:26:56,40.1629,-8.3327,46.29,97,22,1.59
523,Hue,VN,2022-04-13 02:23:18,16.4667,107.6,84.31,74,20,3.44
524,Kanata,CA,2022-04-13 02:26:56,45.3159,-75.8985,51.78,50,100,1.01
